{
  "equity": 113.06915936895804,
  "max_equity": 140.39103602639594,
  "shadow_equity": 113.06915936895804,
  "position": 1,
  "tier": 1,
  "total_trades": 5,
  "winning_trades": 4,
  "strategy_returns": [
    0.020692001927246517,
    0.043690603508025304,
    -0.012747008006815714,
    -0.0016152938700747263,
    0.006660218785042591,
    -0.005112900961157955,
    0.014606400828207456,
    0.005395046485912402,
    0.0026766516211642255,
    0.0087728427099969,
    -0.004821020230170557,
    -0.014338490380806299,
    -0.014018391720472088,
    0.0064497097402335226,
    -0.005068960895566214,
    -0.00018682067158674,
    -0.0005250572293332048,
    0.009076375343662183,
    -0.0006766180623595405,
    0.04092198453572294,
    -0.011145793020617955,
    -0.012247029538389714,
    0.0023973192580735024,
    0.006496171303926232,
    0.024742936636092457,
    0.0028740283445263157,
    0.010246567759632882,
    0.0265503719427498,
    0.00654842344318736,
    0.006197279839337109,
    0.040235301311819724,
    0.03294489018740376,
    0.036095403937599656,
    -0.02000433636317107,
    -0.0107166572669103,
    -0.02737325767854951,
    -0.02993607210543019,
    -0.03068020866726906,
    0.002137662646861971,
    -0.004799217231560361,
    0.039930771715728126,
    0.001681521650050292,
    -0.01734300487034132,
    -0.0032119332190914235,
    0.0012141504528882946,
    0.0027333193052095344,
    -0.008837917342679746,
    -0.01849486786029508,
    -0.002662113425947575,
    -0.0032867442001915733,
    0.015297459626783883,
    -0.013894137924464405,
    0.012410605551501148,
    0.02121293749633456,
    -0.009207337667085565,
    -0.020034107030754828,
    0.011542340918818237,
    0.008927685420171637,
    0.008518981589176954,
    0.005581136064803696,
    -0.011065293490144682,
    0.0033388475693995052,
    0.0031959683768254237,
    0.00948994418901779,
    0.016942426371564904,
    -0.0003029863624808552,
    0.007953406430701236,
    -0.01603945175363764,
    0.007459311133393526,
    -0.007430698787105809,
    0.005375328180306386,
    -0.012768805606616732,
    0.01382675042206483,
    0.020054892593611064,
    -0.007354036489129652,
    -0.004238732487558556,
    0.005170609684780859,
    -0.014536703189417138,
    -0.022639092637910543,
    -0.0035926973865416903,
    0.0012322504083687584,
    -0.0018594427974803311,
    -0.0034395934359097136,
    -0.01858557863808441,
    0.010317741505868974,
    -0.0013716302551453892,
    0.0007304577855080001,
    -0.0018840510176095814,
    -0.012492691678162209,
    0.0075280515928492706,
    0.01700300532525534,
    0.011770768707781296,
    -0.007994976469039357,
    0.0059239389254332,
    -0.0023833456923962265,
    -0.003279441417509613,
    0.018503962124504947,
    -0.005536166084686254,
    -0.01441541091357041,
    0.006060607820046395,
    0.0012673256916037679,
    0.007801354972179226,
    0.006816781765716737,
    -0.005954263151217451,
    0.004274757453979284,
    -0.0018604955711938652,
    -0.0070580553255839345,
    0.010816745083137546,
    -0.004813139428304168,
    0.022407743314364084,
    -0.004289396610370297,
    -0.007822783286438716,
    -0.003367228065429293,
    0.010570860386168189,
    0.0014740731851320436,
    -0.009819572878701166,
    0.0006900820283371226,
    -0.005410445060297451,
    -0.0068232980164400344,
    0.007482391316238882,
    -0.0039296828311897675,
    -0.0009333715086423684,
    -0.005528484081031747,
    0.005178476157236536,
    -0.002781826562335225,
    -0.0034844371191292025,
    -0.007674125398630875,
    0.0010419004590833671,
    0.00828057973687081,
    -0.0009635763718127873,
    0.0005310000098467965,
    -0.0031566657304650998,
    0.007854444966774418,
    0.0037796151358352554,
    -0.0031897576567232757,
    0.04005165322854848,
    -0.015781675503051845,
    -0.0037643115550370213,
    0.008263901087539686,
    0.020788880918548816,
    -0.005613491541346048,
    0.01640233964292876,
    0.0063298493871659,
    -0.0005402500531704706,
    -0.011812498121849691,
    -0.007206993719476807,
    0.005848992388146594,
    -0.02081827214804052,
    0.005557736429361943,
    -0.006177925610849399,
    -0.030296328719958,
    -0.02411917819781623,
    0.015212144686149408,
    -0.003365591948230998,
    0.005743741356609011,
    -0.0033360835467255764,
    0.009835372750355544,
    -0.00307530200943874,
    0.0015392987224887068,
    -0.0017138577684760344,
    -0.0013277941516704425,
    0.023099366824935817,
    0.00047771719232965324,
    0.010639469615131975,
    -0.007339103850032305,
    0.0011337121482388986,
    0.029961965074010475,
    -0.0002851502522482545,
    -0.015615827279533666,
    -0.023454693452524992,
    -0.009210842167077219,
    -0.00789718165130395,
    0.005344569714509937,
    0.010028985101440418,
    -0.005632632710793436,
    0.013169032479673836,
    0.0028152500137578417,
    -0.015865247861431262,
    0.012159677270423176,
    -0.0053351496920349215,
    -0.04175005063315562,
    0.002367561499894377,
    0.0019787859415284657,
    0.006568641666155679,
    0.003000090380026064,
    0.01681301046751787,
    -0.010431677806769537,
    -0.010471487900993762,
    0.0014174033754657705,
    0.008864760455383577,
    -0.02599841729635251,
    -0.023286762302978575,
    0.03213943193355792,
    0.0029186526729746707,
    -0.012828635898662046,
    -0.0023240333924296436,
    -0.006102108626885547,
    0.011939269035673801,
    -0.017321625398284645,
    -0.017321625398284645,
    -0.0003368018010033476,
    -0.01187070447098117,
    0.024329415015321116,
    0.005443713286283713,
    0.0002608180410347288,
    0.000271897033826576,
    -0.0024665892424339505,
    0.0019491248420636562,
    0.004395615789083968,
    -0.0013209251843480636,
    0.008610262326737055,
    -0.005501405117790939,
    -0.004985842034916109,
    0.002222409175675462,
    -0.0,
    0.01137799645530482,
    -0.008739515641465178,
    -0.019850866254964888,
    0.0010030283606582927,
    -0.002741226540152056,
    -0.008066765031611864
  ],
  "last_bar_ts": "2026-04-12 12:00:00+00:00",
  "entry_price": 71468.55,
  "entry_equity": null,
  "peak_equity": 140.39103602639594,
  "started_at": "2026-03-05T17:23:56.155836+00:00",
  "trend_1d": "BULLISH",
  "bull_1d": 1,
  "entry_quality": "GOOD",
  "last_price": 71468.55,
  "last_bar_return": -0.9322,
  "last_leverage": 1.1556,
  "last_vol_scale": 2.3112,
  "last_signal": "SHORT",
  "last_updated": "2026-04-12T16:11:30.277226+00:00",
  "ai_decision": "HOLD",
  "ai_confidence": 0.8,
  "ai_reason": "Kondisi konflik antara signal pendek jangka pendek dengan trend pasar."
}